,Unnamed: 0,Unnamed: 0.1,Index,Baseline,Advanced
0,0,1,1,22,22
1,1,2,2,7,18
2,2,3,3,9,9
3,3,4,4,5,5
4,4,5,5,16,1
5,5,6,6,22,22
6,6,7,7,20,14
7,7,8,8,3,3
8,8,9,9,14,15
9,9,10,10,21,17
10,10,11,11,12,12
11,11,12,12,9,14
12,12,13,13,8,8
13,13,14,14,2,2
14,14,15,15,21,13
15,15,16,16,9,9
16,16,17,17,9,9
17,17,18,18,2,9
18,18,19,19,21,17
19,19,20,20,19,22
20,20,21,21,1,1
21,21,22,22,7,5
22,22,23,23,4,4
23,23,24,24,1,6
24,24,25,25,19,21
25,25,26,26,8,8
26,26,27,27,11,11
27,27,28,28,5,5
28,28,29,29,9,9
29,29,30,30,11,9
30,30,31,31,12,10
31,31,32,32,14,15
32,32,33,33,3,3
33,33,34,34,9,9
34,34,35,35,14,14
35,35,36,36,5,5
36,36,37,37,14,14
37,37,38,38,19,19
38,38,39,39,4,4
39,39,40,40,20,21
40,40,41,41,2,2
41,41,42,42,18,18
42,42,43,43,6,6
43,43,44,44,3,1
44,44,45,45,20,22
45,45,46,46,21,17
46,46,47,47,10,11
47,47,48,48,6,11
48,48,49,49,21,21
49,49,50,50,14,14
50,50,51,51,20,20
51,51,52,52,1,11
52,52,53,53,12,12
53,53,54,54,17,21
54,54,55,55,18,18
55,55,56,56,3,3
56,56,57,57,1,1
57,57,58,58,8,21
58,58,59,59,7,17
59,59,60,60,9,9
60,60,61,61,20,20
61,61,62,62,21,9
62,62,63,63,21,7
63,63,64,64,14,21
64,64,65,65,17,17
65,65,66,66,2,2
66,66,67,67,19,21
67,67,68,68,20,20
68,68,69,69,3,3
69,69,70,70,4,4
70,70,71,71,17,16
71,71,72,72,14,14
72,72,73,73,19,19
73,73,74,74,12,9
74,74,75,75,18,17
75,75,76,76,11,11
76,76,77,77,2,2
77,77,78,78,8,7
78,78,79,79,5,8
79,79,80,80,6,10
80,80,81,81,17,19
81,81,82,82,10,10
82,82,83,83,4,4
83,83,84,84,1,10
84,84,85,85,17,17
85,85,86,86,19,21
86,86,87,87,9,9
87,87,88,88,16,16
88,88,89,89,15,15
89,89,90,90,5,5
90,90,91,91,12,12
91,91,92,92,16,16
92,92,93,93,14,14
93,93,94,94,8,8
94,94,95,95,3,3
95,95,96,96,15,15
96,96,97,97,12,12
97,97,98,98,17,17
98,98,99,99,10,10
99,99,100,100,10,10
100,100,101,101,16,16
101,101,102,102,12,12
102,102,103,103,8,8
103,103,104,104,20,7
104,104,105,105,12,13
105,105,106,106,14,14
106,106,107,107,3,10
107,107,108,108,12,12
108,108,109,109,12,6
109,109,110,110,12,12
110,110,111,111,7,7
111,111,112,112,8,20
112,112,113,113,8,8
113,113,114,114,1,1
114,114,115,115,6,12
115,115,116,116,11,13
116,116,117,117,20,20
117,117,118,118,21,15
118,118,119,119,5,5
119,119,120,120,17,18
120,120,121,121,12,12
121,121,122,122,10,6
122,122,123,123,11,11
123,123,124,124,12,13
124,124,125,125,9,2
125,125,126,126,19,19
126,126,127,127,14,20
127,127,128,128,4,4
128,128,129,129,8,8
129,129,130,130,21,21
130,130,131,131,19,14
131,131,132,132,7,17
132,132,133,133,7,7
133,133,134,134,10,16
134,134,135,135,11,11
135,135,136,136,22,6
136,136,137,137,11,12
137,137,138,138,16,1
138,138,139,139,9,9
139,139,140,140,22,10
140,140,141,141,12,12
141,141,142,142,2,2
142,142,143,143,20,20
143,143,144,144,20,20
144,144,145,145,10,4
145,145,146,146,12,12
146,146,147,147,20,9
147,147,148,148,22,22
148,148,149,149,4,4
149,149,150,150,22,22
150,150,151,151,14,14
151,151,152,152,14,5
152,152,153,153,13,13
153,153,154,154,14,14
154,154,155,155,17,17
155,155,156,156,6,11
156,156,157,157,14,14
157,157,158,158,12,13
158,158,159,159,19,19
159,159,160,160,8,8
160,160,161,161,1,1
161,161,162,162,12,12
162,162,163,163,17,18
163,163,164,164,15,14
164,164,165,165,19,18
165,165,166,166,20,21
166,166,167,167,6,9
167,167,168,168,4,4
168,168,169,169,14,14
169,169,170,170,1,1
170,170,171,171,10,3
171,171,172,172,9,9
172,172,173,173,7,18
173,173,174,174,5,5
174,174,175,175,2,8
175,175,176,176,9,6
176,176,177,177,10,1
177,177,178,178,6,6
178,178,179,179,2,8
179,179,180,180,9,9
180,180,181,181,14,17
181,181,182,182,10,6
182,182,183,183,4,6
183,183,184,184,6,11
184,184,185,185,10,13
185,185,186,186,7,6
186,186,187,187,14,15
187,187,188,188,6,6
188,188,189,189,2,2
189,189,190,190,3,1
190,190,191,191,13,6
191,191,192,192,3,6
192,192,193,193,22,10
193,193,194,194,3,10
194,194,195,195,14,5
195,195,196,196,2,2
196,196,197,197,9,9
197,197,198,198,13,13
198,198,199,199,17,7
199,199,200,200,22,16
200,200,201,201,13,13
201,201,202,202,17,17
202,202,203,203,15,13
203,203,204,204,12,12
204,204,205,205,17,2
205,205,206,206,15,15
206,206,207,207,8,2
207,207,208,208,11,6
208,208,209,209,6,10
209,209,210,210,3,10
210,210,211,211,21,7
211,211,212,212,22,14
212,212,213,213,10,10
213,213,214,214,6,6
214,214,215,215,9,9
215,215,216,216,18,18
216,216,217,217,7,20
217,217,218,218,16,22
218,218,219,219,14,14
219,219,220,220,8,8
220,220,221,221,15,14
221,221,222,222,18,18
222,222,223,223,3,3
223,223,224,224,3,3
224,224,225,225,13,13
225,225,226,226,19,19
226,226,227,227,5,5
227,227,228,228,14,5
228,228,229,229,13,11
229,229,230,230,12,20
230,230,231,231,18,8
231,231,232,232,20,7
232,232,233,233,6,6
233,233,234,234,14,7
234,234,235,235,3,19
235,235,236,236,13,10
236,236,237,237,7,7
237,237,238,238,22,22
238,238,239,239,14,15
239,239,240,240,16,16
240,240,241,241,20,15
241,241,242,242,15,5
242,242,243,243,14,14
243,243,244,244,7,7
244,244,245,245,1,3
245,245,246,246,2,2
246,246,247,247,20,18
247,247,248,248,14,14
248,248,249,249,8,8
249,249,250,250,18,18
250,250,251,251,19,15
251,251,252,252,16,16
252,252,253,253,19,19
253,253,254,254,12,3
254,254,255,255,21,20
255,255,256,256,12,14
256,256,257,257,1,1
257,257,258,258,2,2
258,258,259,259,8,20
259,259,260,260,21,21
260,260,261,261,20,8
261,261,262,262,2,2
262,262,263,263,3,3
263,263,264,264,14,14
264,264,265,265,8,8
265,265,266,266,6,6
266,266,267,267,21,21
267,267,268,268,17,18
268,268,269,269,18,18
269,269,270,270,9,9
270,270,271,271,1,1
271,271,272,272,16,3
272,272,273,273,1,1
273,273,274,274,14,15
274,274,275,275,18,5
275,275,276,276,5,5
276,276,277,277,22,22
277,277,278,278,7,7
278,278,279,279,7,7
279,279,280,280,9,9
280,280,281,281,15,14
281,281,282,282,18,18
282,282,283,283,14,15
283,283,284,284,2,2
284,284,285,285,13,13
285,285,286,286,3,16
286,286,287,287,15,15
287,287,288,288,10,10
288,288,289,289,21,21
289,289,290,290,13,10
290,290,291,291,4,4
291,291,292,292,5,5
292,292,293,293,12,4
293,293,294,294,2,2
294,294,295,295,7,7
295,295,296,296,8,8
296,296,297,297,2,21
297,297,298,298,14,19
298,298,299,299,8,8
299,299,300,300,17,15
300,300,301,301,10,11
301,301,302,302,6,7
302,302,303,303,8,17
303,303,304,304,5,14
304,304,305,305,16,16
305,305,306,306,15,15
306,306,307,307,7,16
307,307,308,308,12,12
308,308,309,309,1,1
309,309,310,310,11,6
310,310,311,311,19,7
311,311,312,312,6,6
312,312,313,313,22,16
313,313,314,314,21,21
314,314,315,315,9,9
315,315,316,316,18,7
316,316,317,317,12,13
317,317,318,318,13,4
318,318,319,319,6,6
319,319,320,320,14,14
320,320,321,321,6,9
321,321,322,322,1,18
322,322,323,323,17,18
323,323,324,324,19,22
324,324,325,325,6,6
325,325,326,326,9,9
326,326,327,327,18,17
327,327,328,328,1,1
328,328,329,329,4,12
329,329,330,330,20,20
330,330,331,331,6,10
331,331,332,332,20,20
332,332,333,333,15,5
333,333,334,334,21,21
334,334,335,335,8,20
335,335,336,336,7,16
336,336,337,337,15,15
337,337,338,338,20,20
338,338,339,339,5,5
339,339,340,340,8,9
340,340,341,341,16,16
341,341,342,342,17,21
342,342,343,343,10,12
343,343,344,344,12,12
344,344,345,345,11,11
345,345,346,346,13,13
346,346,347,347,22,22
347,347,348,348,8,2
348,348,349,349,22,17
349,349,350,350,4,4
350,350,351,351,4,3
351,351,352,352,17,18
352,352,353,353,7,20
353,353,354,354,13,12
354,354,355,355,17,20
355,355,356,356,16,16
356,356,357,357,11,6
357,357,358,358,21,17
358,358,359,359,20,20
359,359,360,360,9,9
360,360,361,361,5,5
361,361,362,362,14,15
362,362,363,363,20,21
363,363,364,364,3,3
364,364,365,365,15,15
365,365,366,366,2,2
366,366,367,367,17,17
367,367,368,368,14,14
368,368,369,369,21,19
369,369,370,370,9,9
370,370,371,371,5,5
371,371,372,372,3,10
372,372,373,373,12,6
373,373,374,374,1,18
374,374,375,375,20,20
375,375,376,376,7,9
376,376,377,377,16,16
377,377,378,378,14,14
378,378,379,379,14,14
379,379,380,380,22,22
380,380,381,381,11,11
381,381,382,382,3,22
382,382,383,383,18,15
383,383,384,384,1,1
384,384,385,385,6,12
385,385,386,386,10,4
386,386,387,387,7,3
387,387,388,388,20,20
388,388,389,389,5,5
389,389,390,390,6,11
390,390,391,391,22,22
391,391,392,392,14,15
392,392,393,393,17,14
393,393,394,394,11,2
394,394,395,395,22,19
395,395,396,396,8,2
396,396,397,397,6,6
397,397,398,398,19,19
398,398,399,399,16,16
399,399,400,400,8,8
400,400,401,401,15,10
401,401,402,402,9,2
402,402,403,403,8,2
403,403,404,404,15,7
404,404,405,405,8,9
405,405,406,406,9,21
406,406,407,407,17,17
407,407,408,408,17,19
408,408,409,409,8,8
409,409,410,410,8,21
410,410,411,411,7,16
411,411,412,412,16,16
412,412,413,413,16,10
413,413,414,414,3,1
414,414,415,415,6,16
415,415,416,416,3,3
416,416,417,417,12,12
417,417,418,418,14,14
418,418,419,419,10,10
419,419,420,420,11,11
420,420,421,421,1,7
421,421,422,422,5,5
422,422,423,423,9,2
423,423,424,424,2,20
424,424,425,425,1,1
425,425,426,426,12,12
426,426,427,427,12,16
427,427,428,428,13,13
428,428,429,429,16,16
429,429,430,430,11,11
430,430,431,431,10,22
431,431,432,432,3,3
432,432,433,433,9,9
433,433,434,434,7,15
434,434,435,435,14,15
435,435,436,436,21,14
436,436,437,437,21,20
437,437,438,438,17,7
438,438,439,439,21,7
439,439,440,440,7,19
440,440,441,441,3,3
441,441,442,442,21,20
442,442,443,443,19,13
443,443,444,444,3,1
444,444,445,445,17,5
445,445,446,446,13,12
446,446,447,447,8,8
447,447,448,448,22,3
448,448,449,449,5,5
449,449,450,450,1,7
450,450,451,451,22,22
451,451,452,452,20,20
452,452,453,453,12,12
453,453,454,454,1,1
454,454,455,455,16,16
455,455,456,456,21,20
456,456,457,457,3,10
457,457,458,458,10,10
458,458,459,459,2,2
459,459,460,460,3,3
460,460,461,461,3,6
461,461,462,462,3,4
462,462,463,463,17,17
463,463,464,464,6,14
464,464,465,465,5,5
465,465,466,466,13,12
466,466,467,467,1,1
467,467,468,468,19,7
468,468,469,469,12,12
469,469,470,470,10,21
470,470,471,471,16,16
471,471,472,472,3,3
472,472,473,473,18,18
473,473,474,474,3,16
474,474,475,475,17,21
475,475,476,476,7,7
476,476,477,477,22,10
477,477,478,478,1,1
478,478,479,479,11,13
479,479,480,480,14,14
480,480,481,481,12,10
481,481,482,482,13,21
482,482,483,483,3,20
483,483,484,484,4,11
484,484,485,485,21,21
485,485,486,486,9,9
486,486,487,487,14,21
487,487,488,488,18,18
488,488,489,489,14,21
489,489,490,490,8,8
490,490,491,491,17,17
491,491,492,492,2,2
492,492,493,493,21,13
493,493,494,494,18,18
494,494,495,495,6,12
495,495,496,496,5,5
496,496,497,497,21,7
497,497,498,498,15,22
498,498,499,499,21,14
499,499,500,500,10,10
500,500,501,501,9,9
501,501,502,502,5,17
502,502,503,503,10,10
503,503,504,504,11,6
504,504,505,505,22,22
505,505,506,506,10,10
506,506,507,507,15,14
507,507,508,508,13,12
508,508,509,509,22,12
509,509,510,510,19,15
510,510,511,511,11,10
511,511,512,512,17,15
512,512,513,513,21,14
513,513,514,514,3,1
514,514,515,515,12,12
515,515,516,516,2,2
516,516,517,517,6,22
517,517,518,518,22,22
518,518,519,519,22,22
519,519,520,520,12,11
520,520,521,521,10,10
521,521,522,522,21,19
522,522,523,523,4,4
523,523,524,524,12,12
524,524,525,525,11,13
525,525,526,526,22,2
526,526,527,527,3,22
527,527,528,528,9,2
528,528,529,529,8,8
529,529,530,530,16,16
530,530,531,531,19,22
531,531,532,532,20,20
532,532,533,533,19,10
533,533,534,534,17,17
534,534,535,535,12,12
535,535,536,536,4,4
536,536,537,537,20,19
537,537,538,538,17,17
538,538,539,539,13,12
539,539,540,540,15,15
540,540,541,541,13,11
541,541,542,542,10,10
542,542,543,543,12,6
543,543,544,544,7,7
544,544,545,545,7,20
545,545,546,546,4,4
546,546,547,547,5,18
547,547,548,548,3,3
548,548,549,549,16,16
549,549,550,550,21,21
550,550,551,551,3,1
551,551,552,552,22,22
552,552,553,553,17,17
553,553,554,554,6,6
554,554,555,555,20,20
555,555,556,556,20,2
556,556,557,557,18,19
557,557,558,558,13,13
558,558,559,559,15,15
559,559,560,560,21,21
560,560,561,561,4,4
561,561,562,562,14,15
562,562,563,563,6,12
563,563,564,564,21,21
564,564,565,565,2,2
565,565,566,566,13,13
566,566,567,567,22,22
567,567,568,568,12,12
568,568,569,569,4,4
569,569,570,570,15,20
570,570,571,571,15,15
571,571,572,572,19,20
572,572,573,573,3,3
573,573,574,574,15,15
574,574,575,575,6,4
575,575,576,576,13,12
576,576,577,577,6,22
577,577,578,578,21,21
578,578,579,579,21,13
579,579,580,580,19,22
580,580,581,581,22,16
581,581,582,582,18,5
582,582,583,583,5,5
583,583,584,584,4,4
584,584,585,585,13,10
585,585,586,586,12,12
586,586,587,587,8,8
587,587,588,588,16,16
588,588,589,589,6,6
589,589,590,590,4,13
590,590,591,591,15,19
591,591,592,592,3,3
592,592,593,593,14,14
593,593,594,594,3,1
594,594,595,595,3,1
595,595,596,596,6,4
596,596,597,597,17,19
597,597,598,598,4,4
598,598,599,599,14,14
599,599,600,600,18,3
600,600,601,601,20,20
601,601,602,602,21,21
602,602,603,603,1,1
603,603,604,604,17,21
604,604,605,605,10,10
605,605,606,606,4,4
606,606,607,607,12,12
607,607,608,608,1,7
608,608,609,609,14,14
609,609,610,610,14,14
610,610,611,611,7,18
611,611,612,612,3,3
612,612,613,613,17,20
613,613,614,614,21,21
614,614,615,615,19,19
615,615,616,616,3,2
616,616,617,617,17,17
617,617,618,618,9,2
618,618,619,619,7,7
619,619,620,620,9,9
620,620,621,621,16,7
621,621,622,622,9,9
622,622,623,623,2,2
623,623,624,624,11,12
624,624,625,625,19,20
625,625,626,626,8,8
626,626,627,627,9,9
627,627,628,628,17,17
628,628,629,629,21,22
629,629,630,630,13,21
630,630,631,631,3,3
631,631,632,632,3,3
632,632,633,633,17,8
633,633,634,634,17,17
634,634,635,635,1,16
635,635,636,636,17,7
636,636,637,637,1,1
637,637,638,638,17,18
638,638,639,639,3,10
639,639,640,640,14,14
640,640,641,641,6,6
641,641,642,642,18,17
642,642,643,643,2,9
643,643,644,644,3,1
644,644,645,645,18,18
645,645,646,646,21,9
646,646,647,647,8,8
647,647,648,648,4,4
648,648,649,649,4,10
649,649,650,650,11,11
650,650,651,651,17,16
651,651,652,652,9,2
652,652,653,653,10,10
653,653,654,654,17,17
654,654,655,655,7,7
655,655,656,656,8,7
656,656,657,657,21,21
657,657,658,658,13,13
658,658,659,659,3,3
659,659,660,660,18,18
660,660,661,661,21,3
661,661,662,662,14,14
662,662,663,663,4,4
663,663,664,664,19,7
664,664,665,665,14,14
665,665,666,666,7,17
666,666,667,667,9,9
667,667,668,668,9,16
668,668,669,669,19,21
669,669,670,670,12,11
670,670,671,671,21,21
671,671,672,672,17,17
672,672,673,673,12,20
673,673,674,674,15,15
674,674,675,675,4,4
675,675,676,676,5,17
676,676,677,677,15,15
677,677,678,678,16,16
678,678,679,679,17,20
679,679,680,680,19,20
680,680,681,681,4,1
681,681,682,682,9,9
682,682,683,683,21,20
683,683,684,684,14,14
684,684,685,685,15,15
685,685,686,686,10,13
686,686,687,687,16,16
687,687,688,688,20,21
688,688,689,689,1,1
689,689,690,690,12,12
690,690,691,691,14,14
691,691,692,692,4,4
692,692,693,693,1,1
693,693,694,694,5,5
694,694,695,695,13,9
695,695,696,696,14,14
696,696,697,697,3,3
697,697,698,698,19,6
698,698,699,699,20,17
699,699,700,700,1,3
700,700,701,701,13,10
701,701,702,702,18,16
702,702,703,703,20,20
703,703,704,704,2,9
704,704,705,705,16,16
705,705,706,706,12,10
706,706,707,707,1,3
707,707,708,708,1,18
708,708,709,709,6,1
709,709,710,710,16,16
710,710,711,711,6,12
711,711,712,712,21,21
712,712,713,713,8,17
713,713,714,714,7,7
714,714,715,715,12,11
715,715,716,716,13,13
716,716,717,717,12,13
717,717,718,718,7,3
718,718,719,719,18,7
719,719,720,720,17,17
720,720,721,721,15,14
721,721,722,722,21,21
722,722,723,723,10,10
723,723,724,724,6,6
724,724,725,725,12,4
725,725,726,726,6,6
726,726,727,727,2,9
727,727,728,728,14,22
728,728,729,729,11,11
729,729,730,730,18,5
730,730,731,731,17,7
731,731,732,732,5,5
732,732,733,733,21,21
733,733,734,734,10,10
734,734,735,735,17,17
735,735,736,736,7,7
736,736,737,737,5,5
737,737,738,738,3,3
738,738,739,739,12,4
739,739,740,740,11,13
740,740,741,741,6,13
741,741,742,742,14,14
742,742,743,743,3,3
743,743,744,744,7,19
744,744,745,745,7,19
745,745,746,746,1,7
746,746,747,747,5,5
747,747,748,748,20,2
748,748,749,749,13,4
749,749,750,750,18,18
750,750,751,751,13,12
751,751,752,752,16,7
752,752,753,753,16,16
753,753,754,754,1,10
754,754,755,755,15,18
755,755,756,756,14,14
756,756,757,757,18,18
757,757,758,758,1,1
758,758,759,759,13,11
759,759,760,760,3,16
760,760,761,761,8,8
761,761,762,762,6,11
762,762,763,763,13,22
763,763,764,764,11,4
764,764,765,765,22,10
765,765,766,766,9,9
766,766,767,767,2,2
767,767,768,768,22,22
768,768,769,769,1,17
769,769,770,770,18,19
770,770,771,771,7,7
771,771,772,772,20,14
772,772,773,773,4,4
773,773,774,774,7,7
774,774,775,775,14,14
775,775,776,776,9,21
776,776,777,777,13,13
777,777,778,778,19,7
778,778,779,779,12,12
779,779,780,780,2,20
780,780,781,781,4,4
781,781,782,782,8,8
782,782,783,783,21,21
783,783,784,784,13,22
784,784,785,785,4,4
785,785,786,786,3,3
786,786,787,787,20,9
787,787,788,788,15,14
788,788,789,789,14,15
789,789,790,790,12,12
790,790,791,791,9,9
791,791,792,792,18,20
792,792,793,793,10,4
793,793,794,794,8,8
794,794,795,795,15,15
795,795,796,796,3,3
796,796,797,797,1,10
797,797,798,798,18,19
798,798,799,799,20,8
799,799,800,800,14,14
800,800,801,801,14,21
801,801,802,802,3,3
802,802,803,803,11,11
803,803,804,804,12,11
804,804,805,805,1,1
805,805,806,806,9,9
806,806,807,807,6,6
807,807,808,808,7,7
808,808,809,809,8,19
809,809,810,810,1,16
810,810,811,811,14,7
811,811,812,812,21,18
812,812,813,813,14,14
813,813,814,814,6,6
814,814,815,815,7,7
815,815,816,816,13,13
816,816,817,817,21,20
817,817,818,818,11,11
818,818,819,819,9,9
819,819,820,820,16,16
820,820,821,821,20,9
821,821,822,822,16,8
822,822,823,823,9,21
823,823,824,824,16,16
824,824,825,825,3,9
825,825,826,826,4,4
826,826,827,827,12,12
827,827,828,828,21,21
828,828,829,829,3,19
829,829,830,830,20,9
830,830,831,831,8,8
831,831,832,832,4,4
832,832,833,833,16,16
833,833,834,834,15,14
834,834,835,835,17,19
835,835,836,836,5,5
836,836,837,837,19,19
837,837,838,838,18,20
838,838,839,839,16,16
839,839,840,840,12,12
840,840,841,841,6,6
841,841,842,842,14,14
842,842,843,843,16,21
843,843,844,844,19,19
844,844,845,845,22,22
845,845,846,846,4,4
846,846,847,847,6,6
847,847,848,848,4,4
848,848,849,849,12,12
849,849,850,850,4,3
850,850,851,851,8,8
851,851,852,852,5,5
852,852,853,853,6,12
853,853,854,854,19,19
854,854,855,855,19,21
855,855,856,856,9,9
856,856,857,857,6,6
857,857,858,858,1,1
858,858,859,859,19,14
859,859,860,860,3,1
860,860,861,861,17,17
861,861,862,862,1,1
862,862,863,863,5,5
863,863,864,864,10,3
864,864,865,865,13,13
865,865,866,866,6,9
866,866,867,867,10,13
867,867,868,868,9,9
868,868,869,869,2,2
869,869,870,870,20,20
870,870,871,871,22,22
871,871,872,872,13,13
872,872,873,873,1,16
873,873,874,874,13,13
874,874,875,875,12,12
875,875,876,876,7,7
876,876,877,877,18,18
877,877,878,878,20,15
878,878,879,879,10,10
879,879,880,880,10,11
880,880,881,881,19,15
881,881,882,882,22,22
882,882,883,883,17,19
883,883,884,884,13,13
884,884,885,885,20,17
885,885,886,886,17,18
886,886,887,887,4,6
887,887,888,888,3,1
888,888,889,889,7,7
889,889,890,890,20,20
890,890,891,891,1,1
891,891,892,892,10,4
892,892,893,893,8,8
893,893,894,894,4,11
894,894,895,895,15,7
895,895,896,896,17,20
896,896,897,897,2,2
897,897,898,898,6,12
898,898,899,899,18,7
899,899,900,900,3,3
900,900,901,901,10,10
901,901,902,902,12,13
902,902,903,903,13,16
903,903,904,904,17,17
904,904,905,905,1,1
905,905,906,906,20,17
906,906,907,907,7,8
907,907,908,908,3,22
908,908,909,909,12,12
909,909,910,910,12,12
910,910,911,911,22,14
911,911,912,912,12,12
912,912,913,913,22,22
913,913,914,914,11,12
914,914,915,915,14,20
915,915,916,916,21,22
916,916,917,917,18,18
917,917,918,918,17,7
918,918,919,919,4,22
919,919,920,920,3,3
920,920,921,921,10,22
921,921,922,922,3,1
922,922,923,923,9,9
923,923,924,924,3,20
924,924,925,925,17,17
925,925,926,926,9,9
926,926,927,927,15,15
927,927,928,928,1,3
928,928,929,929,13,11
929,929,930,930,21,20
930,930,931,931,7,5
931,931,932,932,6,6
932,932,933,933,20,21
933,933,934,934,21,21
934,934,935,935,6,6
935,935,936,936,4,13
936,936,937,937,13,10
937,937,938,938,8,8
938,938,939,939,8,8
939,939,940,940,22,13
940,940,941,941,7,7
941,941,942,942,8,8
942,942,943,943,3,22
943,943,944,944,12,4
944,944,945,945,7,7
945,945,946,946,20,17
946,946,947,947,16,16
947,947,948,948,12,12
948,948,949,949,6,13
949,949,950,950,6,6
950,950,951,951,20,20
951,951,952,952,14,14
952,952,953,953,17,19
953,953,954,954,20,22
954,954,955,955,16,6
955,955,956,956,2,2
956,956,957,957,6,13
957,957,958,958,17,18
958,958,959,959,18,18
959,959,960,960,15,6
960,960,961,961,21,19
961,961,962,962,21,21
962,962,963,963,5,5
963,963,964,964,16,16
964,964,965,965,2,8
965,965,966,966,7,7
966,966,967,967,21,15
967,967,968,968,4,6
968,968,969,969,21,22
969,969,970,970,4,4
970,970,971,971,19,21
971,971,972,972,1,1
972,972,973,973,15,15
973,973,974,974,20,21
974,974,975,975,2,2
975,975,976,976,10,10
976,976,977,977,12,12
977,977,978,978,22,3
978,978,979,979,17,19
979,979,980,980,4,4
980,980,981,981,4,3
981,981,982,982,14,20
982,982,983,983,3,10
983,983,984,984,18,17
984,984,985,985,13,12
985,985,986,986,12,10
986,986,987,987,1,13
987,987,988,988,10,9
988,988,989,989,6,6
989,989,990,990,21,21
990,990,991,991,12,21
991,991,992,992,1,16
992,992,993,993,9,7
993,993,994,994,13,12
994,994,995,995,19,19
995,995,996,996,3,3
996,996,997,997,7,7
997,997,998,998,4,4
998,998,999,999,17,5
999,999,1000,1000,1,16
1000,1000,1001,1001,13,11
1001,1001,1002,1002,15,19
1002,1002,1003,1003,5,5
1003,1003,1004,1004,17,19
1004,1004,1005,1005,19,7
1005,1005,1006,1006,9,9
1006,1006,1007,1007,7,7
1007,1007,1008,1008,19,21
1008,1008,1009,1009,17,7
1009,1009,1010,1010,21,19
1010,1010,1011,1011,12,9
1011,1011,1012,1012,16,16
1012,1012,1013,1013,10,10
1013,1013,1014,1014,21,20
1014,1014,1015,1015,7,7
1015,1015,1016,1016,20,20
1016,1016,1017,1017,4,4
1017,1017,1018,1018,2,2
1018,1018,1019,1019,7,8
1019,1019,1020,1020,3,3
1020,1020,1021,1021,20,20
1021,1021,1022,1022,20,20
1022,1022,1023,1023,2,2
1023,1023,1024,1024,2,9
1024,1024,1025,1025,21,9
1025,1025,1026,1026,15,15
1026,1026,1027,1027,13,6
1027,1027,1028,1028,11,13
1028,1028,1029,1029,19,19
1029,1029,1030,1030,19,19
1030,1030,1031,1031,5,5
1031,1031,1032,1032,10,10
1032,1032,1033,1033,19,19
1033,1033,1034,1034,1,18
1034,1034,1035,1035,4,4
1035,1035,1036,1036,14,14
1036,1036,1037,1037,17,8
1037,1037,1038,1038,16,6
1038,1038,1039,1039,2,2
1039,1039,1040,1040,20,20
1040,1040,1041,1041,9,9
1041,1041,1042,1042,6,6
1042,1042,1043,1043,2,8
1043,1043,1044,1044,12,14
1044,1044,1045,1045,22,20
1045,1045,1046,1046,12,12
1046,1046,1047,1047,12,12
1047,1047,1048,1048,17,19
1048,1048,1049,1049,11,11
1049,1049,1050,1050,11,10
1050,1050,1051,1051,7,15
1051,1051,1052,1052,16,16
1052,1052,1053,1053,17,21
1053,1053,1054,1054,1,16
1054,1054,1055,1055,9,20
1055,1055,1056,1056,3,7
1056,1056,1057,1057,17,17
1057,1057,1058,1058,8,8
1058,1058,1059,1059,3,22
1059,1059,1060,1060,14,14
1060,1060,1061,1061,15,15
1061,1061,1062,1062,13,13
1062,1062,1063,1063,2,2
1063,1063,1064,1064,8,8
1064,1064,1065,1065,19,14
1065,1065,1066,1066,22,3
1066,1066,1067,1067,13,14
1067,1067,1068,1068,15,15
1068,1068,1069,1069,6,6
1069,1069,1070,1070,18,17
1070,1070,1071,1071,21,19
1071,1071,1072,1072,13,4
1072,1072,1073,1073,12,13
1073,1073,1074,1074,12,4
1074,1074,1075,1075,9,9
1075,1075,1076,1076,10,4
1076,1076,1077,1077,2,2
1077,1077,1078,1078,14,14
1078,1078,1079,1079,1,1
1079,1079,1080,1080,1,1
1080,1080,1081,1081,2,2
1081,1081,1082,1082,8,8
1082,1082,1083,1083,14,14
1083,1083,1084,1084,1,18
1084,1084,1085,1085,8,2
1085,1085,1086,1086,11,12
1086,1086,1087,1087,14,14
1087,1087,1088,1088,7,7
1088,1088,1089,1089,2,2
1089,1089,1090,1090,7,6
1090,1090,1091,1091,21,21
1091,1091,1092,1092,8,20
1092,1092,1093,1093,7,9
1093,1093,1094,1094,16,16
1094,1094,1095,1095,9,2
1095,1095,1096,1096,21,19
1096,1096,1097,1097,19,19
1097,1097,1098,1098,21,21
1098,1098,1099,1099,8,8
1099,1099,1100,1100,11,20
1100,1100,1101,1101,4,13
1101,1101,1102,1102,1,1
1102,1102,1103,1103,2,2
1103,1103,1104,1104,18,18
1104,1104,1105,1105,4,4
1105,1105,1106,1106,21,19
1106,1106,1107,1107,19,19
1107,1107,1108,1108,5,5
1108,1108,1109,1109,11,11
1109,1109,1110,1110,12,20
1110,1110,1111,1111,2,2
1111,1111,1112,1112,20,17
1112,1112,1113,1113,3,3
1113,1113,1114,1114,8,8
1114,1114,1115,1115,19,17
1115,1115,1116,1116,2,2
1116,1116,1117,1117,3,1
1117,1117,1118,1118,4,16
1118,1118,1119,1119,16,21
1119,1119,1120,1120,1,1
1120,1120,1121,1121,16,16
1121,1121,1122,1122,13,13
1122,1122,1123,1123,18,5
1123,1123,1124,1124,8,1
1124,1124,1125,1125,10,10
1125,1125,1126,1126,2,3
1126,1126,1127,1127,12,4
1127,1127,1128,1128,8,2
1128,1128,1129,1129,3,3
1129,1129,1130,1130,9,9
1130,1130,1131,1131,15,15
1131,1131,1132,1132,12,11
1132,1132,1133,1133,17,21
1133,1133,1134,1134,15,21
1134,1134,1135,1135,8,5
1135,1135,1136,1136,9,3
1136,1136,1137,1137,13,7
1137,1137,1138,1138,14,20
1138,1138,1139,1139,21,15
1139,1139,1140,1140,2,2
1140,1140,1141,1141,6,6
1141,1141,1142,1142,14,14
1142,1142,1143,1143,22,10
1143,1143,1144,1144,4,4
1144,1144,1145,1145,17,8
1145,1145,1146,1146,12,12
1146,1146,1147,1147,22,21
1147,1147,1148,1148,18,18
1148,1148,1149,1149,13,13
1149,1149,1150,1150,14,13
1150,1150,1151,1151,4,4
1151,1151,1152,1152,10,10
1152,1152,1153,1153,4,6
1153,1153,1154,1154,9,9
1154,1154,1155,1155,16,18
1155,1155,1156,1156,2,2
1156,1156,1157,1157,4,4
1157,1157,1158,1158,14,21
1158,1158,1159,1159,17,18
1159,1159,1160,1160,3,19
1160,1160,1161,1161,2,9
1161,1161,1162,1162,8,8
1162,1162,1163,1163,18,18
1163,1163,1164,1164,22,22
1164,1164,1165,1165,1,1
1165,1165,1166,1166,22,22
1166,1166,1167,1167,17,5
1167,1167,1168,1168,8,8
1168,1168,1169,1169,19,19
1169,1169,1170,1170,1,1
1170,1170,1171,1171,13,11
1171,1171,1172,1172,16,13
1172,1172,1173,1173,12,4
1173,1173,1174,1174,8,3
1174,1174,1175,1175,19,18
1175,1175,1176,1176,16,10
1176,1176,1177,1177,6,4
1177,1177,1178,1178,8,8
1178,1178,1179,1179,9,9
1179,1179,1180,1180,9,9
1180,1180,1181,1181,6,6
1181,1181,1182,1182,11,12
1182,1182,1183,1183,13,21
1183,1183,1184,1184,14,14
1184,1184,1185,1185,11,11
1185,1185,1186,1186,15,15
1186,1186,1187,1187,10,10
1187,1187,1188,1188,3,3
1188,1188,1189,1189,8,8
1189,1189,1190,1190,12,12
1190,1190,1191,1191,6,6
1191,1191,1192,1192,20,17
1192,1192,1193,1193,12,22
1193,1193,1194,1194,14,21
1194,1194,1195,1195,20,7
1195,1195,1196,1196,3,16
1196,1196,1197,1197,7,19
1197,1197,1198,1198,3,17
1198,1198,1199,1199,16,16
1199,1199,1200,1200,13,1
1200,1200,1201,1201,19,5
1201,1201,1202,1202,8,5
1202,1202,1203,1203,3,10
1203,1203,1204,1204,16,22
1204,1204,1205,1205,3,3
1205,1205,1206,1206,16,13
1206,1206,1207,1207,13,19
1207,1207,1208,1208,9,2
1208,1208,1209,1209,9,9
1209,1209,1210,1210,8,8
1210,1210,1211,1211,11,21
1211,1211,1212,1212,13,13
1212,1212,1213,1213,3,3
1213,1213,1214,1214,18,18
1214,1214,1215,1215,4,10
1215,1215,1216,1216,1,13
1216,1216,1217,1217,12,3
1217,1217,1218,1218,12,13
1218,1218,1219,1219,16,13
1219,1219,1220,1220,14,20
1220,1220,1221,1221,19,22
1221,1221,1222,1222,8,7
1222,1222,1223,1223,12,22
1223,1223,1224,1224,3,3
1224,1224,1225,1225,12,12
1225,1225,1226,1226,20,22
1226,1226,1227,1227,15,15
1227,1227,1228,1228,8,8
1228,1228,1229,1229,21,18
1229,1229,1230,1230,22,22
1230,1230,1231,1231,19,13
1231,1231,1232,1232,21,21
1232,1232,1233,1233,22,7
1233,1233,1234,1234,8,8
1234,1234,1235,1235,6,6
1235,1235,1236,1236,6,6
1236,1236,1237,1237,2,2
1237,1237,1238,1238,7,7
1238,1238,1239,1239,6,11
1239,1239,1240,1240,8,5
1240,1240,1241,1241,19,14
1241,1241,1242,1242,19,19
1242,1242,1243,1243,3,3
1243,1243,1244,1244,19,2
1244,1244,1245,1245,14,14
1245,1245,1246,1246,1,17
1246,1246,1247,1247,3,22
1247,1247,1248,1248,5,17
1248,1248,1249,1249,14,22
1249,1249,1250,1250,5,5
1250,1250,1251,1251,14,15
1251,1251,1252,1252,22,22
1252,1252,1253,1253,19,21
1253,1253,1254,1254,6,6
1254,1254,1255,1255,13,4
1255,1255,1256,1256,5,5
1256,1256,1257,1257,21,1
1257,1257,1258,1258,3,3
1258,1258,1259,1259,21,2
1259,1259,1260,1260,11,12
1260,1260,1261,1261,9,9
1261,1261,1262,1262,11,21
1262,1262,1263,1263,4,4
1263,1263,1264,1264,22,6
1264,1264,1265,1265,21,20
1265,1265,1266,1266,14,9
1266,1266,1267,1267,22,10
1267,1267,1268,1268,7,8
1268,1268,1269,1269,4,4
1269,1269,1270,1270,6,16
1270,1270,1271,1271,16,12
1271,1271,1272,1272,6,21
1272,1272,1273,1273,19,21
1273,1273,1274,1274,7,5
1274,1274,1275,1275,21,14
1275,1275,1276,1276,9,9
1276,1276,1277,1277,14,14
1277,1277,1278,1278,9,9
1278,1278,1279,1279,14,14
1279,1279,1280,1280,21,7
1280,1280,1281,1281,5,17
1281,1281,1282,1282,5,20
1282,1282,1283,1283,16,16
1283,1283,1284,1284,17,17
1284,1284,1285,1285,5,17
1285,1285,1286,1286,1,1
1286,1286,1287,1287,3,10
1287,1287,1288,1288,7,2
1288,1288,1289,1289,4,4
1289,1289,1290,1290,7,21
1290,1290,1291,1291,10,10
1291,1291,1292,1292,14,14
1292,1292,1293,1293,2,9
1293,1293,1294,1294,1,3
1294,1294,1295,1295,8,2
1295,1295,1296,1296,6,6
1296,1296,1297,1297,22,13
1297,1297,1298,1298,2,9
1298,1298,1299,1299,3,3
1299,1299,1300,1300,10,4
1300,1300,1301,1301,12,12
1301,1301,1302,1302,20,19
1302,1302,1303,1303,20,22
1303,1303,1304,1304,3,1
1304,1304,1305,1305,13,11
1305,1305,1306,1306,19,19
1306,1306,1307,1307,16,16
1307,1307,1308,1308,11,22
1308,1308,1309,1309,1,1
1309,1309,1310,1310,21,3
1310,1310,1311,1311,17,18
1311,1311,1312,1312,16,16
1312,1312,1313,1313,1,1
1313,1313,1314,1314,19,19
1314,1314,1315,1315,5,5
1315,1315,1316,1316,13,13
1316,1316,1317,1317,15,15
1317,1317,1318,1318,1,7
1318,1318,1319,1319,15,19
1319,1319,1320,1320,6,6
1320,1320,1321,1321,10,22
1321,1321,1322,1322,19,19
1322,1322,1323,1323,14,14
1323,1323,1324,1324,17,18
1324,1324,1325,1325,22,22
1325,1325,1326,1326,13,6
1326,1326,1327,1327,8,8
1327,1327,1328,1328,18,18
1328,1328,1329,1329,22,2
1329,1329,1330,1330,4,4
1330,1330,1331,1331,12,12
1331,1331,1332,1332,15,15
1332,1332,1333,1333,22,22
1333,1333,1334,1334,6,6
1334,1334,1335,1335,13,4
1335,1335,1336,1336,14,15
1336,1336,1337,1337,17,18
1337,1337,1338,1338,20,19
1338,1338,1339,1339,2,2
1339,1339,1340,1340,5,5
1340,1340,1341,1341,17,17
1341,1341,1342,1342,12,13
1342,1342,1343,1343,8,8
1343,1343,1344,1344,18,7
1344,1344,1345,1345,13,14
1345,1345,1346,1346,3,1
1346,1346,1347,1347,7,7
1347,1347,1348,1348,1,1
1348,1348,1349,1349,14,14
1349,1349,1350,1350,6,6
1350,1350,1351,1351,5,5
1351,1351,1352,1352,20,20
1352,1352,1353,1353,22,1
1353,1353,1354,1354,6,11
1354,1354,1355,1355,20,21
1355,1355,1356,1356,13,4
1356,1356,1357,1357,12,13
1357,1357,1358,1358,14,14
1358,1358,1359,1359,9,9
1359,1359,1360,1360,14,14
1360,1360,1361,1361,8,8
1361,1361,1362,1362,4,4
1362,1362,1363,1363,12,12
1363,1363,1364,1364,17,20
1364,1364,1365,1365,18,3
1365,1365,1366,1366,22,15
1366,1366,1367,1367,14,14
1367,1367,1368,1368,10,11
1368,1368,1369,1369,8,8
1369,1369,1370,1370,18,1
1370,1370,1371,1371,4,4
1371,1371,1372,1372,18,17
1372,1372,1373,1373,17,20
1373,1373,1374,1374,20,19
1374,1374,1375,1375,12,12
1375,1375,1376,1376,14,14
1376,1376,1377,1377,17,18
1377,1377,1378,1378,2,21
1378,1378,1379,1379,15,5
1379,1379,1380,1380,4,10
1380,1380,1381,1381,10,10
1381,1381,1382,1382,19,19
1382,1382,1383,1383,7,20
1383,1383,1384,1384,12,12
1384,1384,1385,1385,19,15
1385,1385,1386,1386,5,20
1386,1386,1387,1387,10,10
1387,1387,1388,1388,7,8
1388,1388,1389,1389,4,4
1389,1389,1390,1390,5,5
1390,1390,1391,1391,8,8
1391,1391,1392,1392,10,10
1392,1392,1393,1393,1,1
1393,1393,1394,1394,13,12
1394,1394,1395,1395,10,22
1395,1395,1396,1396,15,14
1396,1396,1397,1397,10,10
1397,1397,1398,1398,17,17
1398,1398,1399,1399,3,10
1399,1399,1400,1400,7,7
1400,1400,1401,1401,3,14
1401,1401,1402,1402,17,14
1402,1402,1403,1403,4,4
1403,1403,1404,1404,3,3
1404,1404,1405,1405,1,1
1405,1405,1406,1406,11,22
1406,1406,1407,1407,14,21
1407,1407,1408,1408,12,4
1408,1408,1409,1409,8,8
1409,1409,1410,1410,4,13
1410,1410,1411,1411,22,22
1411,1411,1412,1412,14,14
1412,1412,1413,1413,18,18
1413,1413,1414,1414,15,15
1414,1414,1415,1415,21,21
1415,1415,1416,1416,11,6
1416,1416,1417,1417,14,14
1417,1417,1418,1418,20,20
1418,1418,1419,1419,18,18
1419,1419,1420,1420,21,21
1420,1420,1421,1421,21,21
1421,1421,1422,1422,1,1
1422,1422,1423,1423,11,11
1423,1423,1424,1424,5,5
1424,1424,1425,1425,2,8
1425,1425,1426,1426,17,18
1426,1426,1427,1427,3,3
1427,1427,1428,1428,21,14
1428,1428,1429,1429,16,16
1429,1429,1430,1430,13,13
1430,1430,1431,1431,5,5
1431,1431,1432,1432,7,7
1432,1432,1433,1433,17,17
1433,1433,1434,1434,14,15
1434,1434,1435,1435,3,3
1435,1435,1436,1436,22,22
1436,1436,1437,1437,18,18
1437,1437,1438,1438,6,11
1438,1438,1439,1439,14,6
1439,1439,1440,1440,12,12
1440,1440,1441,1441,17,18
1441,1441,1442,1442,11,6
1442,1442,1443,1443,14,20
1443,1443,1444,1444,15,14
1444,1444,1445,1445,2,2
1445,1445,1446,1446,15,15
1446,1446,1447,1447,18,18
1447,1447,1448,1448,11,13
1448,1448,1449,1449,22,6
1449,1449,1450,1450,15,15
1450,1450,1451,1451,14,15
1451,1451,1452,1452,17,20
1452,1452,1453,1453,10,22
1453,1453,1454,1454,10,4
1454,1454,1455,1455,20,19
1455,1455,1456,1456,19,19
1456,1456,1457,1457,13,12
1457,1457,1458,1458,8,8
1458,1458,1459,1459,10,10
1459,1459,1460,1460,22,10
1460,1460,1461,1461,10,13
1461,1461,1462,1462,6,6
1462,1462,1463,1463,18,15
1463,1463,1464,1464,16,4
1464,1464,1465,1465,21,14
1465,1465,1466,1466,10,4
1466,1466,1467,1467,12,12
1467,1467,1468,1468,4,4
1468,1468,1469,1469,21,22
1469,1469,1470,1470,21,21
1470,1470,1471,1471,1,1
1471,1471,1472,1472,10,21
1472,1472,1473,1473,20,14
1473,1473,1474,1474,8,8
1474,1474,1475,1475,12,11
1475,1475,1476,1476,10,1
1476,1476,1477,1477,10,22
1477,1477,1478,1478,22,19
1478,1478,1479,1479,1,1
1479,1479,1480,1480,9,2
1480,1480,1481,1481,12,4
1481,1481,1482,1482,4,4
1482,1482,1483,1483,16,1
1483,1483,1484,1484,2,2
1484,1484,1485,1485,3,11
1485,1485,1486,1486,18,18
1486,1486,1487,1487,14,17
1487,1487,1488,1488,16,16
1488,1488,1489,1489,12,12
1489,1489,1490,1490,19,21
1490,1490,1491,1491,6,16
1491,1491,1492,1492,15,14
1492,1492,1493,1493,14,14
1493,1493,1494,1494,14,14
1494,1494,1495,1495,4,11
1495,1495,1496,1496,5,5
1496,1496,1497,1497,3,10
1497,1497,1498,1498,2,2
1498,1498,1499,1499,4,4
1499,1499,1500,1500,1,10
1500,1500,1501,1501,8,20
1501,1501,1502,1502,1,13
1502,1502,1503,1503,9,9
1503,1503,1504,1504,11,11
1504,1504,1505,1505,16,16
1505,1505,1506,1506,1,1
1506,1506,1507,1507,22,22
1507,1507,1508,1508,1,1
1508,1508,1509,1509,19,14
1509,1509,1510,1510,14,14
1510,1510,1511,1511,19,7
1511,1511,1512,1512,1,1
1512,1512,1513,1513,20,20
1513,1513,1514,1514,10,21
1514,1514,1515,1515,5,5
1515,1515,1516,1516,13,6
1516,1516,1517,1517,21,21
1517,1517,1518,1518,21,19
1518,1518,1519,1519,12,16
1519,1519,1520,1520,3,3
1520,1520,1521,1521,13,4
1521,1521,1522,1522,8,18
1522,1522,1523,1523,19,19
1523,1523,1524,1524,10,3
1524,1524,1525,1525,21,19
1525,1525,1526,1526,3,3
1526,1526,1527,1527,21,21
1527,1527,1528,1528,1,1
1528,1528,1529,1529,14,14
1529,1529,1530,1530,3,3
1530,1530,1531,1531,9,9
1531,1531,1532,1532,22,13
1532,1532,1533,1533,16,3
1533,1533,1534,1534,19,19
1534,1534,1535,1535,4,4
1535,1535,1536,1536,19,19
1536,1536,1537,1537,11,4
1537,1537,1538,1538,7,5
1538,1538,1539,1539,20,20
1539,1539,1540,1540,20,7
1540,1540,1541,1541,19,19
1541,1541,1542,1542,14,14
1542,1542,1543,1543,17,18
1543,1543,1544,1544,21,19
1544,1544,1545,1545,21,21
1545,1545,1546,1546,20,17
1546,1546,1547,1547,17,17
1547,1547,1548,1548,1,16
1548,1548,1549,1549,11,12
1549,1549,1550,1550,9,9
1550,1550,1551,1551,12,12
1551,1551,1552,1552,1,1
1552,1552,1553,1553,2,2
1553,1553,1554,1554,16,16
1554,1554,1555,1555,22,22
1555,1555,1556,1556,8,8
1556,1556,1557,1557,14,14
1557,1557,1558,1558,10,10
1558,1558,1559,1559,14,14
1559,1559,1560,1560,3,7
1560,1560,1561,1561,17,17
1561,1561,1562,1562,5,17
1562,1562,1563,1563,18,17
1563,1563,1564,1564,9,9
1564,1564,1565,1565,8,2
1565,1565,1566,1566,18,7
1566,1566,1567,1567,6,11
1567,1567,1568,1568,10,19
1568,1568,1569,1569,3,16
1569,1569,1570,1570,14,21
1570,1570,1571,1571,21,7
1571,1571,1572,1572,3,10
1572,1572,1573,1573,2,2
1573,1573,1574,1574,6,1
1574,1574,1575,1575,7,5
1575,1575,1576,1576,13,11
1576,1576,1577,1577,9,9
1577,1577,1578,1578,11,11
1578,1578,1579,1579,8,21
1579,1579,1580,1580,5,22
1580,1580,1581,1581,15,14
1581,1581,1582,1582,8,2
1582,1582,1583,1583,4,21
1583,1583,1584,1584,10,3
1584,1584,1585,1585,13,14
1585,1585,1586,1586,12,12
1586,1586,1587,1587,11,16
1587,1587,1588,1588,21,20
1588,1588,1589,1589,2,2
1589,1589,1590,1590,2,2
1590,1590,1591,1591,14,14
1591,1591,1592,1592,19,19
1592,1592,1593,1593,7,7
1593,1593,1594,1594,2,2
1594,1594,1595,1595,21,13
1595,1595,1596,1596,12,13
1596,1596,1597,1597,5,5
1597,1597,1598,1598,15,15
1598,1598,1599,1599,14,14
1599,1599,1600,1600,21,21
1600,1600,1601,1601,6,6
1601,1601,1602,1602,16,16
1602,1602,1603,1603,16,1
1603,1603,1604,1604,12,11
1604,1604,1605,1605,12,12
1605,1605,1606,1606,18,18
1606,1606,1607,1607,11,22
1607,1607,1608,1608,15,11
1608,1608,1609,1609,1,1
1609,1609,1610,1610,2,20
1610,1610,1611,1611,18,5
1611,1611,1612,1612,5,5
1612,1612,1613,1613,11,11
1613,1613,1614,1614,19,14
1614,1614,1615,1615,7,8
1615,1615,1616,1616,9,9
1616,1616,1617,1617,1,1
1617,1617,1618,1618,20,21
1618,1618,1619,1619,20,22
1619,1619,1620,1620,8,5
1620,1620,1621,1621,9,9
1621,1621,1622,1622,13,6
1622,1622,1623,1623,2,2
1623,1623,1624,1624,19,19
1624,1624,1625,1625,15,15
1625,1625,1626,1626,18,18
1626,1626,1627,1627,2,2
1627,1627,1628,1628,7,15
1628,1628,1629,1629,8,8
1629,1629,1630,1630,6,6
1630,1630,1631,1631,2,9
1631,1631,1632,1632,17,17
1632,1632,1633,1633,22,22
1633,1633,1634,1634,6,6
1634,1634,1635,1635,5,5
1635,1635,1636,1636,7,8
1636,1636,1637,1637,12,11
1637,1637,1638,1638,14,14
1638,1638,1639,1639,20,21
1639,1639,1640,1640,15,14
1640,1640,1641,1641,16,16
1641,1641,1642,1642,10,10
1642,1642,1643,1643,20,21
1643,1643,1644,1644,8,8
1644,1644,1645,1645,15,22
1645,1645,1646,1646,1,1
1646,1646,1647,1647,20,20
1647,1647,1648,1648,21,21
1648,1648,1649,1649,9,2
1649,1649,1650,1650,3,1
1650,1650,1651,1651,19,19
1651,1651,1652,1652,4,4
1652,1652,1653,1653,2,2
1653,1653,1654,1654,20,20
1654,1654,1655,1655,1,1
1655,1655,1656,1656,18,17
1656,1656,1657,1657,14,14
1657,1657,1658,1658,7,6
1658,1658,1659,1659,12,11
1659,1659,1660,1660,14,14
1660,1660,1661,1661,22,14
1661,1661,1662,1662,7,7
1662,1662,1663,1663,16,16
1663,1663,1664,1664,12,21
1664,1664,1665,1665,11,12
1665,1665,1666,1666,17,15
1666,1666,1667,1667,16,11
1667,1667,1668,1668,5,5
1668,1668,1669,1669,1,1
1669,1669,1670,1670,17,21
1670,1670,1671,1671,19,15
1671,1671,1672,1672,6,6
1672,1672,1673,1673,18,3
1673,1673,1674,1674,3,10
1674,1674,1675,1675,3,3
1675,1675,1676,1676,4,11
1676,1676,1677,1677,10,10
1677,1677,1678,1678,19,13
1678,1678,1679,1679,21,10
1679,1679,1680,1680,4,4
1680,1680,1681,1681,3,3
1681,1681,1682,1682,7,7
1682,1682,1683,1683,3,3
1683,1683,1684,1684,13,13
1684,1684,1685,1685,13,11
1685,1685,1686,1686,11,11
1686,1686,1687,1687,9,9
1687,1687,1688,1688,6,6
1688,1688,1689,1689,9,2
1689,1689,1690,1690,9,9
1690,1690,1691,1691,12,6
1691,1691,1692,1692,11,11
1692,1692,1693,1693,21,21
1693,1693,1694,1694,18,18
1694,1694,1695,1695,11,13
1695,1695,1696,1696,8,8
1696,1696,1697,1697,17,17
1697,1697,1698,1698,18,18
1698,1698,1699,1699,15,5
1699,1699,1700,1700,1,20
1700,1700,1701,1701,15,15
1701,1701,1702,1702,21,12
1702,1702,1703,1703,3,3
1703,1703,1704,1704,5,5
1704,1704,1705,1705,6,6
1705,1705,1706,1706,5,5
1706,1706,1707,1707,8,2
1707,1707,1708,1708,17,18
1708,1708,1709,1709,20,9
1709,1709,1710,1710,7,7
1710,1710,1711,1711,6,10
1711,1711,1712,1712,1,21
1712,1712,1713,1713,17,15
1713,1713,1714,1714,7,19
1714,1714,1715,1715,19,10
1715,1715,1716,1716,2,2
1716,1716,1717,1717,3,3
1717,1717,1718,1718,15,19
1718,1718,1719,1719,16,16
1719,1719,1720,1720,13,22
1720,1720,1721,1721,11,11
1721,1721,1722,1722,21,20
1722,1722,1723,1723,2,2
1723,1723,1724,1724,22,22
1724,1724,1725,1725,5,5
1725,1725,1726,1726,5,18
1726,1726,1727,1727,16,16
1727,1727,1728,1728,12,11
1728,1728,1729,1729,8,8
1729,1729,1730,1730,11,11
1730,1730,1731,1731,11,11
1731,1731,1732,1732,18,18
1732,1732,1733,1733,15,15
1733,1733,1734,1734,4,4
1734,1734,1735,1735,1,1
1735,1735,1736,1736,18,17
1736,1736,1737,1737,2,2
1737,1737,1738,1738,12,12
1738,1738,1739,1739,15,14
1739,1739,1740,1740,5,5
1740,1740,1741,1741,19,22
1741,1741,1742,1742,4,4
1742,1742,1743,1743,8,5
1743,1743,1744,1744,7,7
1744,1744,1745,1745,20,8
1745,1745,1746,1746,2,20
1746,1746,1747,1747,8,20
1747,1747,1748,1748,7,3
1748,1748,1749,1749,17,17
1749,1749,1750,1750,5,18
1750,1750,1751,1751,1,21
1751,1751,1752,1752,21,17
1752,1752,1753,1753,21,14
1753,1753,1754,1754,14,15
1754,1754,1755,1755,15,21
1755,1755,1756,1756,17,20
1756,1756,1757,1757,8,5
1757,1757,1758,1758,10,10
1758,1758,1759,1759,8,21
1759,1759,1760,1760,6,4
1760,1760,1761,1761,12,6
1761,1761,1762,1762,14,15
1762,1762,1763,1763,22,22
1763,1763,1764,1764,11,6
1764,1764,1765,1765,13,13
1765,1765,1766,1766,5,5
1766,1766,1767,1767,17,17
1767,1767,1768,1768,16,7
1768,1768,1769,1769,9,9
1769,1769,1770,1770,15,15
1770,1770,1771,1771,9,13
1771,1771,1772,1772,1,1
1772,1772,1773,1773,10,10
1773,1773,1774,1774,12,3
1774,1774,1775,1775,20,20
1775,1775,1776,1776,10,13
1776,1776,1777,1777,5,5
1777,1777,1778,1778,8,8
1778,1778,1779,1779,19,19
1779,1779,1780,1780,16,22
1780,1780,1781,1781,2,8
1781,1781,1782,1782,20,17
1782,1782,1783,1783,21,21
1783,1783,1784,1784,9,9
1784,1784,1785,1785,3,12
1785,1785,1786,1786,5,5
1786,1786,1787,1787,16,16
1787,1787,1788,1788,6,4
1788,1788,1789,1789,8,8
1789,1789,1790,1790,20,2
1790,1790,1791,1791,17,7
1791,1791,1792,1792,3,3
1792,1792,1793,1793,1,1
1793,1793,1794,1794,16,16
1794,1794,1795,1795,14,21
1795,1795,1796,1796,7,20
1796,1796,1797,1797,10,6
1797,1797,1798,1798,6,4
1798,1798,1799,1799,7,7
1799,1799,1800,1800,11,11
1800,1800,1801,1801,2,2
1801,1801,1802,1802,9,2
1802,1802,1803,1803,14,19
1803,1803,1804,1804,22,19
1804,1804,1805,1805,16,3
1805,1805,1806,1806,15,19
1806,1806,1807,1807,12,13
1807,1807,1808,1808,2,8
1808,1808,1809,1809,22,10
1809,1809,1810,1810,17,7
1810,1810,1811,1811,13,13
1811,1811,1812,1812,14,21
1812,1812,1813,1813,22,22
1813,1813,1814,1814,3,3
1814,1814,1815,1815,2,9
1815,1815,1816,1816,14,6
1816,1816,1817,1817,1,1
1817,1817,1818,1818,2,9
1818,1818,1819,1819,9,9
1819,1819,1820,1820,4,10
1820,1820,1821,1821,5,5
1821,1821,1822,1822,1,1
1822,1822,1823,1823,14,14
1823,1823,1824,1824,2,2
1824,1824,1825,1825,6,6
1825,1825,1826,1826,2,2
1826,1826,1827,1827,11,11
1827,1827,1828,1828,6,1
1828,1828,1829,1829,11,4
1829,1829,1830,1830,22,22
1830,1830,1831,1831,20,14
1831,1831,1832,1832,21,10
1832,1832,1833,1833,22,19
1833,1833,1834,1834,3,12
1834,1834,1835,1835,13,13
1835,1835,1836,1836,18,18
1836,1836,1837,1837,22,22
1837,1837,1838,1838,2,2
1838,1838,1839,1839,18,5
1839,1839,1840,1840,1,1
1840,1840,1841,1841,12,12
1841,1841,1842,1842,6,6
1842,1842,1843,1843,16,16
1843,1843,1844,1844,17,17
1844,1844,1845,1845,20,20
1845,1845,1846,1846,15,15
1846,1846,1847,1847,14,14
1847,1847,1848,1848,11,11
1848,1848,1849,1849,12,21
1849,1849,1850,1850,7,20
1850,1850,1851,1851,10,10
1851,1851,1852,1852,2,2
1852,1852,1853,1853,12,12
1853,1853,1854,1854,19,15
1854,1854,1855,1855,6,6
1855,1855,1856,1856,14,5
1856,1856,1857,1857,4,1
1857,1857,1858,1858,5,5
1858,1858,1859,1859,19,19
1859,1859,1860,1860,9,2
1860,1860,1861,1861,9,2
1861,1861,1862,1862,19,19
1862,1862,1863,1863,7,7
1863,1863,1864,1864,9,9
1864,1864,1865,1865,3,16
1865,1865,1866,1866,19,7
1866,1866,1867,1867,3,1
1867,1867,1868,1868,14,14
1868,1868,1869,1869,12,11
1869,1869,1870,1870,11,11
1870,1870,1871,1871,15,15
1871,1871,1872,1872,3,7
1872,1872,1873,1873,20,8
1873,1873,1874,1874,13,13
1874,1874,1875,1875,12,12
1875,1875,1876,1876,3,3
1876,1876,1877,1877,22,11
1877,1877,1878,1878,20,19
1878,1878,1879,1879,1,1
1879,1879,1880,1880,2,2
1880,1880,1881,1881,14,14
1881,1881,1882,1882,4,6
1882,1882,1883,1883,5,19
1883,1883,1884,1884,18,18
1884,1884,1885,1885,13,13
1885,1885,1886,1886,1,17
1886,1886,1887,1887,2,2
1887,1887,1888,1888,13,10
1888,1888,1889,1889,4,4
1889,1889,1890,1890,11,4
1890,1890,1891,1891,6,10
1891,1891,1892,1892,4,10
1892,1892,1893,1893,13,4
1893,1893,1894,1894,14,15
1894,1894,1895,1895,11,11
1895,1895,1896,1896,17,17
1896,1896,1897,1897,14,14
1897,1897,1898,1898,1,1
1898,1898,1899,1899,22,22
1899,1899,1900,1900,5,18
1900,1900,1901,1901,2,2
1901,1901,1902,1902,5,5
1902,1902,1903,1903,6,3
1903,1903,1904,1904,3,3
1904,1904,1905,1905,1,1
1905,1905,1906,1906,3,6
1906,1906,1907,1907,20,20
1907,1907,1908,1908,22,19
1908,1908,1909,1909,16,4
1909,1909,1910,1910,3,3
1910,1910,1911,1911,2,8
1911,1911,1912,1912,12,11
1912,1912,1913,1913,2,2
1913,1913,1914,1914,9,9
1914,1914,1915,1915,2,2
1915,1915,1916,1916,6,6
1916,1916,1917,1917,7,20
1917,1917,1918,1918,1,1
1918,1918,1919,1919,19,17
1919,1919,1920,1920,4,4
1920,1920,1921,1921,6,12
1921,1921,1922,1922,6,14
1922,1922,1923,1923,10,10
1923,1923,1924,1924,7,7
1924,1924,1925,1925,21,21
1925,1925,1926,1926,19,17
1926,1926,1927,1927,10,10
1927,1927,1928,1928,12,11
1928,1928,1929,1929,17,17
1929,1929,1930,1930,10,10
1930,1930,1931,1931,14,22
1931,1931,1932,1932,14,22
1932,1932,1933,1933,17,20
1933,1933,1934,1934,18,16
1934,1934,1935,1935,12,12
1935,1935,1936,1936,1,10
1936,1936,1937,1937,18,17
1937,1937,1938,1938,2,2
1938,1938,1939,1939,12,6
1939,1939,1940,1940,2,2
1940,1940,1941,1941,1,11
1941,1941,1942,1942,12,13
1942,1942,1943,1943,14,15
1943,1943,1944,1944,20,22
1944,1944,1945,1945,11,12
1945,1945,1946,1946,8,9
1946,1946,1947,1947,16,16
1947,1947,1948,1948,3,10
1948,1948,1949,1949,8,8
1949,1949,1950,1950,2,2
1950,1950,1951,1951,9,8
1951,1951,1952,1952,6,4
1952,1952,1953,1953,8,17
1953,1953,1954,1954,3,3
1954,1954,1955,1955,5,5
1955,1955,1956,1956,5,5
1956,1956,1957,1957,10,4
1957,1957,1958,1958,21,21
1958,1958,1959,1959,8,8
1959,1959,1960,1960,3,1
1960,1960,1961,1961,3,3
1961,1961,1962,1962,1,1
1962,1962,1963,1963,21,21
1963,1963,1964,1964,12,6
1964,1964,1965,1965,16,1
1965,1965,1966,1966,1,16
1966,1966,1967,1967,17,20
1967,1967,1968,1968,1,1
1968,1968,1969,1969,14,7
1969,1969,1970,1970,19,15
1970,1970,1971,1971,19,21
1971,1971,1972,1972,17,5
1972,1972,1973,1973,22,22
1973,1973,1974,1974,12,12
1974,1974,1975,1975,20,21
1975,1975,1976,1976,8,8
1976,1976,1977,1977,12,12
1977,1977,1978,1978,2,2
1978,1978,1979,1979,5,5
1979,1979,1980,1980,18,18
1980,1980,1981,1981,18,17
1981,1981,1982,1982,20,18
1982,1982,1983,1983,5,5
1983,1983,1984,1984,1,1
1984,1984,1985,1985,21,17
1985,1985,1986,1986,8,8
1986,1986,1987,1987,5,5
1987,1987,1988,1988,8,8
1988,1988,1989,1989,14,14
1989,1989,1990,1990,17,17
1990,1990,1991,1991,22,19
1991,1991,1992,1992,4,15
1992,1992,1993,1993,10,10
1993,1993,1994,1994,1,1
1994,1994,1995,1995,17,19
1995,1995,1996,1996,15,15
1996,1996,1997,1997,18,17
1997,1997,1998,1998,10,10
1998,1998,1999,1999,11,11
1999,1999,2000,2000,4,4
2000,2000,2001,2001,16,16
2001,2001,2002,2002,14,5
2002,2002,2003,2003,21,21
2003,2003,2004,2004,12,12
2004,2004,2005,2005,14,4
2005,2005,2006,2006,17,5
2006,2006,2007,2007,11,20
2007,2007,2008,2008,4,4
2008,2008,2009,2009,10,3
2009,2009,2010,2010,11,4
2010,2010,2011,2011,2,2
2011,2011,2012,2012,19,22
2012,2012,2013,2013,3,13
2013,2013,2014,2014,2,2
2014,2014,2015,2015,5,15
2015,2015,2016,2016,10,10
2016,2016,2017,2017,3,15
2017,2017,2018,2018,16,16
2018,2018,2019,2019,4,4
2019,2019,2020,2020,9,19
2020,2020,2021,2021,13,7
2021,2021,2022,2022,9,9
2022,2022,2023,2023,16,1
2023,2023,2024,2024,9,2
2024,2024,2025,2025,9,2
2025,2025,2026,2026,20,21
2026,2026,2027,2027,5,5
2027,2027,2028,2028,10,10
2028,2028,2029,2029,5,5
2029,2029,2030,2030,21,10
2030,2030,2031,2031,3,3
2031,2031,2032,2032,7,7
2032,2032,2033,2033,3,3
2033,2033,2034,2034,2,9
2034,2034,2035,2035,10,13
2035,2035,2036,2036,8,8
2036,2036,2037,2037,19,19
2037,2037,2038,2038,6,6
2038,2038,2039,2039,9,9
2039,2039,2040,2040,10,3
2040,2040,2041,2041,4,4
2041,2041,2042,2042,18,18
2042,2042,2043,2043,21,17
2043,2043,2044,2044,13,13
2044,2044,2045,2045,10,10
2045,2045,2046,2046,1,1
2046,2046,2047,2047,9,9
2047,2047,2048,2048,4,4
2048,2048,2049,2049,10,10
2049,2049,2050,2050,5,17
2050,2050,2051,2051,8,5
2051,2051,2052,2052,10,10
2052,2052,2053,2053,5,5
2053,2053,2054,2054,13,16
2054,2054,2055,2055,9,7
2055,2055,2056,2056,21,21
2056,2056,2057,2057,12,12
2057,2057,2058,2058,3,17
2058,2058,2059,2059,8,8
2059,2059,2060,2060,1,16
2060,2060,2061,2061,17,17
2061,2061,2062,2062,8,8
2062,2062,2063,2063,18,18
2063,2063,2064,2064,8,20
2064,2064,2065,2065,2,2
2065,2065,2066,2066,21,21
2066,2066,2067,2067,10,13
2067,2067,2068,2068,1,1
2068,2068,2069,2069,21,19
2069,2069,2070,2070,21,19
2070,2070,2071,2071,18,18
2071,2071,2072,2072,3,19
2072,2072,2073,2073,15,15
2073,2073,2074,2074,8,8
2074,2074,2075,2075,8,2
2075,2075,2076,2076,9,9
2076,2076,2077,2077,8,8
2077,2077,2078,2078,1,3
2078,2078,2079,2079,7,7
2079,2079,2080,2080,14,12
2080,2080,2081,2081,20,7
2081,2081,2082,2082,22,22
2082,2082,2083,2083,20,22
2083,2083,2084,2084,15,15
2084,2084,2085,2085,1,1
2085,2085,2086,2086,21,21
2086,2086,2087,2087,22,22
2087,2087,2088,2088,7,7
2088,2088,2089,2089,12,12
2089,2089,2090,2090,13,14
2090,2090,2091,2091,20,21
2091,2091,2092,2092,10,13
2092,2092,2093,2093,6,4
2093,2093,2094,2094,4,4
2094,2094,2095,2095,14,14
2095,2095,2096,2096,22,20
2096,2096,2097,2097,14,13
2097,2097,2098,2098,17,17
2098,2098,2099,2099,4,4
2099,2099,2100,2100,11,11
2100,2100,2101,2101,17,18
2101,2101,2102,2102,11,11
2102,2102,2103,2103,16,16
2103,2103,2104,2104,21,13
2104,2104,2105,2105,1,1
2105,2105,2106,2106,6,7
2106,2106,2107,2107,6,6
2107,2107,2108,2108,2,2
2108,2108,2109,2109,6,6
2109,2109,2110,2110,1,16
2110,2110,2111,2111,16,16
2111,2111,2112,2112,8,2
2112,2112,2113,2113,21,2
2113,2113,2114,2114,1,12
2114,2114,2115,2115,18,18
2115,2115,2116,2116,8,17
2116,2116,2117,2117,8,8
2117,2117,2118,2118,7,7
2118,2118,2119,2119,6,6
2119,2119,2120,2120,15,19
2120,2120,2121,2121,12,3
2121,2121,2122,2122,6,3
2122,2122,2123,2123,18,18
2123,2123,2124,2124,20,20
2124,2124,2125,2125,22,17
2125,2125,2126,2126,12,6
2126,2126,2127,2127,9,9
2127,2127,2128,2128,8,8
2128,2128,2129,2129,5,5
2129,2129,2130,2130,11,6
2130,2130,2131,2131,15,15
2131,2131,2132,2132,20,20
2132,2132,2133,2133,17,17
2133,2133,2134,2134,12,12
2134,2134,2135,2135,11,11
2135,2135,2136,2136,16,1
2136,2136,2137,2137,4,4
2137,2137,2138,2138,3,3
2138,2138,2139,2139,17,18
2139,2139,2140,2140,18,6
2140,2140,2141,2141,21,21
2141,2141,2142,2142,3,3
2142,2142,2143,2143,11,12
2143,2143,2144,2144,9,10
2144,2144,2145,2145,14,14
2145,2145,2146,2146,17,17
2146,2146,2147,2147,2,2
2147,2147,2148,2148,9,9
2148,2148,2149,2149,21,22
2149,2149,2150,2150,5,5
2150,2150,2151,2151,13,12
2151,2151,2152,2152,13,13
2152,2152,2153,2153,22,13
2153,2153,2154,2154,8,8
2154,2154,2155,2155,15,19
2155,2155,2156,2156,3,10
2156,2156,2157,2157,17,19
2157,2157,2158,2158,14,12
2158,2158,2159,2159,6,4
2159,2159,2160,2160,17,15
2160,2160,2161,2161,9,9
2161,2161,2162,2162,2,2
2162,2162,2163,2163,8,8
2163,2163,2164,2164,15,18
2164,2164,2165,2165,22,11
2165,2165,2166,2166,1,10
2166,2166,2167,2167,5,5
2167,2167,2168,2168,19,15
2168,2168,2169,2169,21,18
2169,2169,2170,2170,4,4
2170,2170,2171,2171,18,3
2171,2171,2172,2172,18,7
2172,2172,2173,2173,1,7
2173,2173,2174,2174,11,4
2174,2174,2175,2175,5,5
2175,2175,2176,2176,20,17
2176,2176,2177,2177,1,1
2177,2177,2178,2178,4,4
2178,2178,2179,2179,20,21
2179,2179,2180,2180,6,11
2180,2180,2181,2181,14,14
2181,2181,2182,2182,5,14
2182,2182,2183,2183,14,5
2183,2183,2184,2184,3,18
2184,2184,2185,2185,19,11
2185,2185,2186,2186,3,16
2186,2186,2187,2187,5,5
2187,2187,2188,2188,9,18
2188,2188,2189,2189,11,11
2189,2189,2190,2190,18,14
2190,2190,2191,2191,13,11
2191,2191,2192,2192,11,6
2192,2192,2193,2193,7,8
2193,2193,2194,2194,20,15
2194,2194,2195,2195,13,11
2195,2195,2196,2196,7,7
2196,2196,2197,2197,8,8
2197,2197,2198,2198,6,6
2198,2198,2199,2199,12,11
2199,2199,2200,2200,14,14
2200,2200,2201,2201,3,3
2201,2201,2202,2202,18,8
2202,2202,2203,2203,14,15
2203,2203,2204,2204,19,19
2204,2204,2205,2205,6,12
2205,2205,2206,2206,12,14
2206,2206,2207,2207,9,9
2207,2207,2208,2208,14,21
2208,2208,2209,2209,21,17
2209,2209,2210,2210,16,16
2210,2210,2211,2211,20,14
2211,2211,2212,2212,19,3
2212,2212,2213,2213,10,10
2213,2213,2214,2214,4,10
2214,2214,2215,2215,10,12
2215,2215,2216,2216,3,19
2216,2216,2217,2217,14,14
2217,2217,2218,2218,4,4
2218,2218,2219,2219,11,10
2219,2219,2220,2220,12,13
2220,2220,2221,2221,15,21
2221,2221,2222,2222,9,9
2222,2222,2223,2223,21,21
2223,2223,2224,2224,12,13
2224,2224,2225,2225,5,8
2225,2225,2226,2226,3,3
2226,2226,2227,2227,10,10
2227,2227,2228,2228,20,21
2228,2228,2229,2229,11,6
2229,2229,2230,2230,18,17
2230,2230,2231,2231,6,9
2231,2231,2232,2232,18,18
2232,2232,2233,2233,20,22
2233,2233,2234,2234,3,3
2234,2234,2235,2235,10,10
2235,2235,2236,2236,6,11
2236,2236,2237,2237,6,16
2237,2237,2238,2238,18,14
2238,2238,2239,2239,12,10
2239,2239,2240,2240,11,11
2240,2240,2241,2241,10,11
2241,2241,2242,2242,10,10
2242,2242,2243,2243,11,12
2243,2243,2244,2244,2,2
2244,2244,2245,2245,3,19
2245,2245,2246,2246,21,21
2246,2246,2247,2247,5,5
2247,2247,2248,2248,16,6
2248,2248,2249,2249,14,14
2249,2249,2250,2250,3,3
2250,2250,2251,2251,19,12
2251,2251,2252,2252,6,6
2252,2252,2253,2253,17,17
2253,2253,2254,2254,15,20
2254,2254,2255,2255,8,8
2255,2255,2256,2256,20,5
2256,2256,2257,2257,14,14
2257,2257,2258,2258,1,3
2258,2258,2259,2259,8,8
2259,2259,2260,2260,7,5
2260,2260,2261,2261,12,6
2261,2261,2262,2262,2,9
2262,2262,2263,2263,2,2
2263,2263,2264,2264,16,6
2264,2264,2265,2265,12,19
2265,2265,2266,2266,4,4
2266,2266,2267,2267,14,14
2267,2267,2268,2268,8,8
2268,2268,2269,2269,3,10
2269,2269,2270,2270,5,5
2270,2270,2271,2271,16,16
2271,2271,2272,2272,22,18
2272,2272,2273,2273,20,20
2273,2273,2274,2274,7,7
2274,2274,2275,2275,18,5
2275,2275,2276,2276,10,10
2276,2276,2277,2277,7,8
2277,2277,2278,2278,9,9
2278,2278,2279,2279,20,14
2279,2279,2280,2280,16,16
2280,2280,2281,2281,2,2
2281,2281,2282,2282,19,17
2282,2282,2283,2283,18,18
2283,2283,2284,2284,4,7
2284,2284,2285,2285,10,9
2285,2285,2286,2286,8,8
2286,2286,2287,2287,19,20
2287,2287,2288,2288,16,1
2288,2288,2289,2289,2,2
2289,2289,2290,2290,11,11
2290,2290,2291,2291,16,11
2291,2291,2292,2292,8,17
2292,2292,2293,2293,7,7
2293,2293,2294,2294,22,22
2294,2294,2295,2295,9,16
2295,2295,2296,2296,16,16
2296,2296,2297,2297,3,3
2297,2297,2298,2298,10,10
2298,2298,2299,2299,21,10
2299,2299,2300,2300,13,4
2300,2300,2301,2301,7,7
2301,2301,2302,2302,5,14
2302,2302,2303,2303,20,21
2303,2303,2304,2304,9,9
2304,2304,2305,2305,13,13
2305,2305,2306,2306,4,16
2306,2306,2307,2307,10,13
2307,2307,2308,2308,12,12
2308,2308,2309,2309,22,19
2309,2309,2310,2310,9,9
2310,2310,2311,2311,22,22
2311,2311,2312,2312,12,14
2312,2312,2313,2313,4,10
2313,2313,2314,2314,18,18
2314,2314,2315,2315,7,7
2315,2315,2316,2316,6,4
2316,2316,2317,2317,9,9
2317,2317,2318,2318,12,13
2318,2318,2319,2319,10,10
2319,2319,2320,2320,3,16
2320,2320,2321,2321,21,3
2321,2321,2322,2322,20,20
2322,2322,2323,2323,11,11
2323,2323,2324,2324,8,9
2324,2324,2325,2325,18,18
2325,2325,2326,2326,22,13
2326,2326,2327,2327,17,17
2327,2327,2328,2328,21,22
2328,2328,2329,2329,5,5
2329,2329,2330,2330,18,17
2330,2330,2331,2331,4,13
2331,2331,2332,2332,18,19
2332,2332,2333,2333,6,6
2333,2333,2334,2334,7,1
2334,2334,2335,2335,22,22
2335,2335,2336,2336,16,1
2336,2336,2337,2337,1,19
2337,2337,2338,2338,4,4
2338,2338,2339,2339,3,3
2339,2339,2340,2340,10,10
2340,2340,2341,2341,17,20
2341,2341,2342,2342,5,18
2342,2342,2343,2343,1,1
2343,2343,2344,2344,2,9
2344,2344,2345,2345,19,19
2345,2345,2346,2346,4,13
2346,2346,2347,2347,14,19
2347,2347,2348,2348,6,12
2348,2348,2349,2349,22,22
2349,2349,2350,2350,20,21
2350,2350,2351,2351,2,2
2351,2351,2352,2352,14,14
2352,2352,2353,2353,4,21
2353,2353,2354,2354,14,14
2354,2354,2355,2355,9,13
2355,2355,2356,2356,4,7
2356,2356,2357,2357,7,7
2357,2357,2358,2358,14,14
2358,2358,2359,2359,17,17
2359,2359,2360,2360,13,12
2360,2360,2361,2361,19,13
2361,2361,2362,2362,6,10
2362,2362,2363,2363,7,7
2363,2363,2364,2364,9,2
2364,2364,2365,2365,3,10
2365,2365,2366,2366,11,11
2366,2366,2367,2367,12,12
2367,2367,2368,2368,3,4
2368,2368,2369,2369,11,11
2369,2369,2370,2370,8,21
2370,2370,2371,2371,9,9
2371,2371,2372,2372,13,13
2372,2372,2373,2373,11,19
2373,2373,2374,2374,17,18
2374,2374,2375,2375,12,3
2375,2375,2376,2376,1,1
2376,2376,2377,2377,11,11
2377,2377,2378,2378,17,18
2378,2378,2379,2379,7,7
2379,2379,2380,2380,12,4
2380,2380,2381,2381,14,14
2381,2381,2382,2382,17,8
2382,2382,2383,2383,21,17
2383,2383,2384,2384,16,3
2384,2384,2385,2385,4,13
2385,2385,2386,2386,9,2
2386,2386,2387,2387,1,1
2387,2387,2388,2388,10,10
2388,2388,2389,2389,5,5
2389,2389,2390,2390,13,12
2390,2390,2391,2391,21,19
2391,2391,2392,2392,22,15
2392,2392,2393,2393,2,2
2393,2393,2394,2394,19,21
2394,2394,2395,2395,22,2
2395,2395,2396,2396,10,1
2396,2396,2397,2397,6,4
2397,2397,2398,2398,17,17
2398,2398,2399,2399,14,14
2399,2399,2400,2400,12,12
2400,2400,2401,2401,12,13
2401,2401,2402,2402,2,2
2402,2402,2403,2403,10,10
2403,2403,2404,2404,18,18
2404,2404,2405,2405,4,21
2405,2405,2406,2406,15,21
2406,2406,2407,2407,4,6
2407,2407,2408,2408,8,7
2408,2408,2409,2409,20,20
2409,2409,2410,2410,7,7
2410,2410,2411,2411,10,4
2411,2411,2412,2412,19,19
2412,2412,2413,2413,2,20
2413,2413,2414,2414,14,14
2414,2414,2415,2415,12,6
2415,2415,2416,2416,14,14
2416,2416,2417,2417,12,12
2417,2417,2418,2418,17,17
2418,2418,2419,2419,9,10
2419,2419,2420,2420,17,8
2420,2420,2421,2421,7,7
2421,2421,2422,2422,14,14
2422,2422,2423,2423,17,17
2423,2423,2424,2424,20,6
2424,2424,2425,2425,5,5
2425,2425,2426,2426,18,5
2426,2426,2427,2427,11,6
2427,2427,2428,2428,8,8
2428,2428,2429,2429,9,22
2429,2429,2430,2430,2,7
2430,2430,2431,2431,11,11
2431,2431,2432,2432,17,18
2432,2432,2433,2433,14,14
2433,2433,2434,2434,20,8
2434,2434,2435,2435,13,4
2435,2435,2436,2436,13,10
2436,2436,2437,2437,18,19
2437,2437,2438,2438,11,13
2438,2438,2439,2439,9,9
2439,2439,2440,2440,10,10
2440,2440,2441,2441,17,17
2441,2441,2442,2442,10,3
2442,2442,2443,2443,1,1
2443,2443,2444,2444,8,8
2444,2444,2445,2445,3,3
2445,2445,2446,2446,22,22
2446,2446,2447,2447,17,18
2447,2447,2448,2448,10,3
2448,2448,2449,2449,18,16
2449,2449,2450,2450,7,7
2450,2450,2451,2451,16,18
2451,2451,2452,2452,15,5
2452,2452,2453,2453,5,5
2453,2453,2454,2454,7,1
2454,2454,2455,2455,22,4
2455,2455,2456,2456,14,21
2456,2456,2457,2457,8,8
2457,2457,2458,2458,13,4
2458,2458,2459,2459,21,2
2459,2459,2460,2460,13,9
2460,2460,2461,2461,16,16
2461,2461,2462,2462,13,1
2462,2462,2463,2463,19,19
2463,2463,2464,2464,8,2
2464,2464,2465,2465,9,2
2465,2465,2466,2466,13,16
2466,2466,2467,2467,12,12
2467,2467,2468,2468,8,2
2468,2468,2469,2469,16,16
2469,2469,2470,2470,3,3
2470,2470,2471,2471,19,20
2471,2471,2472,2472,13,14
2472,2472,2473,2473,3,3
2473,2473,2474,2474,2,2
2474,2474,2475,2475,14,15
2475,2475,2476,2476,8,1
2476,2476,2477,2477,7,7
2477,2477,2478,2478,10,13
2478,2478,2479,2479,7,7
2479,2479,2480,2480,17,5
2480,2480,2481,2481,15,21
2481,2481,2482,2482,8,8
2482,2482,2483,2483,10,10
2483,2483,2484,2484,2,2
2484,2484,2485,2485,7,22
2485,2485,2486,2486,21,21
2486,2486,2487,2487,5,5
2487,2487,2488,2488,14,15
2488,2488,2489,2489,17,7
2489,2489,2490,2490,9,9
2490,2490,2491,2491,20,8
2491,2491,2492,2492,21,9
2492,2492,2493,2493,5,15
2493,2493,2494,2494,14,13
2494,2494,2495,2495,13,10
2495,2495,2496,2496,12,11
2496,2496,2497,2497,20,18
2497,2497,2498,2498,4,4
2498,2498,2499,2499,19,21
2499,2499,2500,2500,21,19
